ad_id,ad_historical_ctr
1,0.35294117647058826
2,0.22727272727272727
3,0.4411764705882353
4,0.20689655172413793
5,0.2962962962962963
6,0.16666666666666666
7,0.2222222222222222
8,0.25
9,0.2
10,0.24242424242424243
11,0.2916666666666667
12,0.4230769230769231
13,0.3888888888888889
14,0.5
15,0.2692307692307692
16,0.28
17,0.25
18,0.20689655172413793
19,0.3235294117647059
20,0.34782608695652173
